company_name,company_number,address_line_1,post_town,postcode,company_category,company_status,incorporation_date,accounts_category,sic_code_1,companies_house_uri,source_chunk,sample_seed
CAVA DOMESTIC LIMITED,16083901,BELFRY HOUSE,HERTFORD,SG14 1BP,Private Limited Company,Active,16/11/2024,UNAUDITED ABRIDGED,"43220 - Plumbing, heat and air-conditioning installation",http://business.data.gov.uk/id/company/16083901,10,42
RAB CATERING LIMITED,16954777,228 STAINES ROAD,HOUNSLOW,TW3 3LR,Private Limited Company,Active,10/01/2026,NO ACCOUNTS FILED,56210 - Event catering activities,http://business.data.gov.uk/id/company/16954777,42,42
RR HOLDINGS LIMITED,05286946,368 KINGSWAY,EAST SUSSEX,BN3 4QT,Private Limited Company,Active,15/11/2004,TOTAL EXEMPTION FULL,47190 - Other retail sale in non-specialised stores,http://business.data.gov.uk/id/company/05286946,44,42
VEER NEWSAGENTS LIMITED,11066048,308 WANDSWORTH BRIDGE ROAD,LONDON,SW6 2UA,Private Limited Company,Active,15/11/2017,MICRO ENTITY,"47110 - Retail sale in non-specialised stores with food, beverages or tobacco predominating",http://business.data.gov.uk/id/company/11066048,54,42
PLEDGE BEAUTY LTD,16447472,271B HOLDERNESS ROAD,HULL,HU8 8TD,Private Limited Company,Active,13/05/2025,NO ACCOUNTS FILED,96020 - Hairdressing and other beauty treatment,http://business.data.gov.uk/id/company/16447472,40,42
AYLSHAM CAPITAL LTD,12945885,30 CATTLE MARKET STREET,NORWICH,NR1 3DY,Private Limited Company,Active,13/10/2020,MICRO ENTITY,68209 - Other letting and operating of own or leased real estate,http://business.data.gov.uk/id/company/12945885,6,42
BARSELONA LIMITED,05615945,18 OAKFIELD,WOKING,GU21 3QS,Private Limited Company,Active,08/11/2005,MICRO ENTITY,86210 - General medical practice activities,http://business.data.gov.uk/id/company/05615945,7,42
SR HOLDINGS LIMITED,11336054,DEVONSHIRE HOUSE,STANMORE,HA7 1JS,Private Limited Company,Active,30/04/2018,TOTAL EXEMPTION FULL,68209 - Other letting and operating of own or leased real estate,http://business.data.gov.uk/id/company/11336054,48,42
PARAGON CAFE LTD,NI733039,2 CREGAGH ROAD,BELFAST,BT6 9EP,Private Limited Company,Active,05/09/2025,NO ACCOUNTS FILED,56101 - Licensed restaurants,http://business.data.gov.uk/id/company/NI733039,39,42
H V CONSTRUCTION SERVICES LIMITED,FC019295,MR STEPHEN JOHN VASS,LECHLADE,GL7 3SE,Other company type,Active,01/10/1993,FULL,None Supplied,http://business.data.gov.uk/id/company/FC019295,22,42
NORTHERN TURBINE SERVICES LIMITED,SC510079,1 QUARRYFIELD ROAD,KIRKWALL,KW15 1GD,Private Limited Company,Active,03/07/2015,TOTAL EXEMPTION FULL,33140 - Repair of electrical equipment,http://business.data.gov.uk/id/company/SC510079,37,42
ASACOLLECTIVE LTD,16882946,FLAT 2 67,BATH,BA2 4DL,Private Limited Company,Active,01/12/2025,NO ACCOUNTS FILED,85510 - Sports and recreation education,http://business.data.gov.uk/id/company/16882946,5,42
FRANK KELBIE LIMITED,SC133320,BALUNIEFIELD INDUSTRIAL ESTATE,DUNDEE,DD4 8UT,Private Limited Company,Active,08/08/1991,TOTAL EXEMPTION FULL,46770 - Wholesale of waste and scrap,http://business.data.gov.uk/id/company/SC133320,20,42
FAMILY HOME IMPROVEMENTS LTD,15460108,TY DEWIN,PORT TALBOT,SA13 1JB,Private Limited Company,Active,01/02/2024,MICRO ENTITY,43342 - Glazing,http://business.data.gov.uk/id/company/15460108,18,42
GREATER UPKEEP LIMITED,16788444,15 BROWNS COURT,CIPPENHAM,SL1 5HP,Private Limited Company,Active,16/10/2025,NO ACCOUNTS FILED,81210 - General cleaning of buildings,http://business.data.gov.uk/id/company/16788444,22,42
FUSED ELECTRICS LTD,14946172,128 CITY ROAD,LONDON,EC1V 2NX,Private Limited Company,Active,19/06/2023,MICRO ENTITY,43210 - Electrical installation,http://business.data.gov.uk/id/company/14946172,20,42
ELEY & WESLEY LIMITED,00791200,"C/O HODSON LEWIS FIRST FLOOR, ABBOTSGATE HOUSE",BURY ST EDMUNDS,IP32 7FA,Private Limited Company,Active,07/02/1964,TOTAL EXEMPTION FULL,68209 - Other letting and operating of own or leased real estate,http://business.data.gov.uk/id/company/00791200,17,42
ARTECO LIMITED,08008180,36 TANNER STREET,LONDON,SE1 3LD,Private Limited Company,Active,27/03/2012,TOTAL EXEMPTION FULL,90040 - Operation of arts facilities,http://business.data.gov.uk/id/company/08008180,5,42
SPILL MIDCO 2 LIMITED,14419544,CHILTERN CAPITAL LLP LION COURT,LONDON,WC1V 6NY,Private Limited Company,Active,14/10/2022,FULL,64209 - Activities of other holding companies n.e.c.,http://business.data.gov.uk/id/company/14419544,48,42
BROUGHTON COMMUNITY ENERGY LIMITED,RS009540,,,,Registered Society,Active,06/05/2025,NO ACCOUNTS FILED,None Supplied,http://business.data.gov.uk/id/company/RS009540,9,42
EVORA CONSULTING LTD,15394285,51A HILLROW,ELY,CB6 3TQ,Private Limited Company,Active,07/01/2024,TOTAL EXEMPTION FULL,62020 - Information technology consultancy activities,http://business.data.gov.uk/id/company/15394285,18,42
SCF HOLDINGS (SCOTLAND) LIMITED,SC853165,7 SOUTH CHARLOTTE STREET,EDINBURGH,EH2 4AN,Private Limited Company,Active,23/06/2025,NO ACCOUNTS FILED,68100 - Buying and selling of own real estate,http://business.data.gov.uk/id/company/SC853165,45,42
NEW LEAFE SPORTS & SOCIAL GROUP LTD,17063048,INNOVATIONS HOUSE,WINCHESTER,SO23 8SR,Private Limited Company,Active,02/03/2026,NO ACCOUNTS FILED,56302 - Public houses and bars,http://business.data.gov.uk/id/company/17063048,36,42
BLACKWELLS CHIPPERFIELD LIMITED,06902662,10 THE COMMON,CHIPPERFIELD,WD4 9BS,Private Limited Company,Active,12/05/2009,UNAUDITED ABRIDGED,56101 - Licensed restaurants,http://business.data.gov.uk/id/company/06902662,8,42
BOURBON RETAIL LIMITED,13690677,96 KINGSHILL AVENUE,HARROW,HA3 8LB,Private Limited Company,Active,20/10/2021,TOTAL EXEMPTION FULL,"46380 - Wholesale of other food, including fish, crustaceans and molluscs",http://business.data.gov.uk/id/company/13690677,8,42
S. BATTEN LTD,05423357,23 VYRNWY ROAD,CHESTER,CH4 8QN,Private Limited Company,Active,13/04/2005,MICRO ENTITY,61900 - Other telecommunications activities,http://business.data.gov.uk/id/company/05423357,44,42
JC CONSTRUCTION AND SECURITY LTD,16153535,UNIT 4 MANOR FARM COMMON ROAD,WINDSOR,SL4 6QY,Private Limited Company,Active,27/12/2024,TOTAL EXEMPTION FULL,41201 - Construction of commercial buildings,http://business.data.gov.uk/id/company/16153535,27,42
AVC TECH LIMITED,07300392,61 CAMBRIDGE STREET,LUTON,LU1 3QT,Private Limited Company,Active,30/06/2010,MICRO ENTITY,43210 - Electrical installation,http://business.data.gov.uk/id/company/07300392,6,42
THAC CONSULTING LIMITED,14483638,FLEETVIEW COTTAGE 122D COAST ROAD,COLCHESTER,CO5 8PA,Private Limited Company,Active,14/11/2022,TOTAL EXEMPTION FULL,70229 - Management consultancy activities other than financial management,http://business.data.gov.uk/id/company/14483638,50,42
CRAFTED COFFEE ST IVES LTD,13196407,ST EIA HOUSE,ST IVES,TR26 1RZ,Private Limited Company,Active,11/02/2021,TOTAL EXEMPTION FULL,56102 - Unlicensed restaurants and cafes,http://business.data.gov.uk/id/company/13196407,13,42
SCIENTIFIC AND INNOVATIVE DESIGN LIMITED,06966843,2 AUDENSHAW LODGE,MANCHESTER,M34 5PG,Private Limited Company,Active,20/07/2009,MICRO ENTITY,62020 - Information technology consultancy activities,http://business.data.gov.uk/id/company/06966843,45,42
PRESTIGE GLAZING LTD,13557258,1 EAST HILL,CHATHAM,ME5 7PB,Private Limited Company,Active,09/08/2021,MICRO ENTITY,43290 - Other construction installation,http://business.data.gov.uk/id/company/13557258,41,42
GRESLEY HOUSE CARE LIMITED,09243079,TYNEFIELD COURT,DERBY,DE65 6NQ,Private Limited Company,Active,01/10/2014,MICRO ENTITY,68209 - Other letting and operating of own or leased real estate,http://business.data.gov.uk/id/company/09243079,22,42
GANJAM PROPERTIES LIMITED,14165129,2 WINDMILL ROAD,SUNBURY-ON-THAMES,TW16 7HX,Private Limited Company,Active,10/06/2022,TOTAL EXEMPTION FULL,68209 - Other letting and operating of own or leased real estate,http://business.data.gov.uk/id/company/14165129,20,42
BMS LOGISTICS LTD,11287446,25 A CLAREMONT ROAD,RUGBY,CV21 3NA,Private Limited Company,Active,03/04/2018,MICRO ENTITY,49410 - Freight transport by road,http://business.data.gov.uk/id/company/11287446,8,42
BUILT CLEAR LTD,16663324,1 LOWER PARKSIDE COTTAGES PARKSIDE,WREXHAM,LL12 0BN,Private Limited Company,Active,20/08/2025,NO ACCOUNTS FILED,41100 - Development of building projects,http://business.data.gov.uk/id/company/16663324,9,42
OAK VALLEY GROUP LTD,10183448,1 TYN Y WERN,TONYREFAIL,CF39 8AW,Private Limited Company,Active,17/05/2016,MICRO ENTITY,"77390 - Renting and leasing of other machinery, equipment and tangible goods n.e.c.",http://business.data.gov.uk/id/company/10183448,37,42
LOWKEY SECURITY SOLUTIONS LTD,13227180,72 GRANGE ROAD,ROCHESTER,ME2 4DB,Private Limited Company,Active,25/02/2021,MICRO ENTITY,33140 - Repair of electrical equipment,http://business.data.gov.uk/id/company/13227180,31,42
ROBERT GLOVER ASSOCIATES LIMITED,08388589,19A SALISBURY ROAD,BARNET,EN5 4JW,Private Limited Company,Active,05/02/2013,TOTAL EXEMPTION FULL,69201 - Accounting and auditing activities,http://business.data.gov.uk/id/company/08388589,43,42
BLUE NOBLE GP II (JERSEY) LIMITED,OE015815,IFC 5,ST HELIER,JE1 1ST,Overseas Entity,Active,21/01/2023,NO ACCOUNTS FILED,None Supplied,http://business.data.gov.uk/id/company/OE015815,8,42
FOODLE CAFE LTD,14824665,33 GRAFTON WAY,LONDON,W1T 5DA,Private Limited Company,Active,24/04/2023,MICRO ENTITY,"46170 - Agents involved in the sale of food, beverages and tobacco",http://business.data.gov.uk/id/company/14824665,19,42
NIGEL DAVIES LIMITED,04510236,THE OLD BANK HOUSE,NEWPORT,NP20 5PA,Private Limited Company,Active,13/08/2002,MICRO ENTITY,69201 - Accounting and auditing activities,http://business.data.gov.uk/id/company/04510236,36,42
EDS CONSTRUCT LTD,13093635,3 NELSON CLOSE,ROMFORD,RM7 8ND,Private Limited Company,Active,21/12/2020,TOTAL EXEMPTION FULL,43390 - Other building completion and finishing,http://business.data.gov.uk/id/company/13093635,17,42
BABYFAIR LTD,13517670,SAVILE BUSINESS CENTRE,DEWSBURY,WF12 9AH,Private Limited Company,Active,19/07/2021,MICRO ENTITY,31090 - Manufacture of other furniture,http://business.data.gov.uk/id/company/13517670,6,42
LAKESHORE NEXUS LTD,16867063,SUITE 105,LONDON,WC1R 4BU,Private Limited Company,Active,20/11/2025,NO ACCOUNTS FILED,99999 - Dormant Company,http://business.data.gov.uk/id/company/16867063,29,42
DELTACROWN INVESTMENTS LIMITED,02058505,C/O DANMIRR CONSULTANTS BUSINESS,170 CHURCH ROAD MITCHAM,CR4 3BW,Private Limited Company,Active,25/09/1986,MICRO ENTITY,68320 - Management of real estate on a fee or contract basis,http://business.data.gov.uk/id/company/02058505,15,42
MAX PERI PERI LTD,17199960,502 LORDSHIP LANE,LONDON,N22 5DE,Private Limited Company,Active,05/05/2026,NO ACCOUNTS FILED,56103 - Take-away food shops and mobile food stands,http://business.data.gov.uk/id/company/17199960,33,42
BRIDGE LOCUM STAFFING LTD,16633153,58 OAKHILL DRIVE,LIVERPOOL,L31 2LF,Private Limited Company,Active,06/08/2025,NO ACCOUNTS FILED,86230 - Dental practice activities,http://business.data.gov.uk/id/company/16633153,9,42
CLEAR ERP CONSULTING LTD,12982629,51 DEERINGS ROAD,REIGATE,RH2 0PW,Private Limited Company,Active,29/10/2020,MICRO ENTITY,62020 - Information technology consultancy activities,http://business.data.gov.uk/id/company/12982629,12,42
WOODPATH SERVICES LTD,07183737,"447 KINGLSLAND ROAD, FLAT F",LONDON,E8 4AU,Private Limited Company,Active,10/03/2010,TOTAL EXEMPTION FULL,68100 - Buying and selling of own real estate,http://business.data.gov.uk/id/company/07183737,56,42
